Categorical,20117,Alcohol drinker status,3.715929898017745e-12,0.6684304449281748
Categorical,1558,Alcohol intake frequency.,2.2317125596168084e-50,1.2965933949408275
Categorical,1628,Alcohol intake versus 10 years previously,5.730442237927559e-58,1.9538745615144684
Categorical,1369,Beef intake,0.0001286564028269627,1.1288786171694183
Integer,1438,Bread intake,5.902992756121493e-21,1.0304269602965386
Categorical,1448,Bread type,0.0005786673113698632,0.9057803940430301
Categorical,1408,Cheese intake,9.267739811397888e-08,0.8757173533263748
Integer,1289,Cooked vegetable intake,0.010042202674965436,1.039446820628676
Integer,1319,Dried fruit intake,0.012690870759114153,0.9543413712253127
Integer,1309,Fresh fruit intake,1.0325326974442915e-07,1.096633216333602
Categorical,1518,Hot drink temperature,8.399459075623941e-07,1.2583993691369175
Categorical,1379,Lamb/mutton intake,1.181969700430052e-05,1.1726378475530825
Categorical,1538,Major dietary changes in the last 5 years,3.821986050202583e-34,1.5010605900626248
Categorical,6144,"Never eat eggs, dairy, wheat, sugar",2.827525778283738e-60,0.45034381549000907
Categorical,1389,Pork intake,1.0973095700688719e-11,1.2757379873921724
Categorical,1349,Processed meat intake,1.740108099585878e-18,1.2496169559005803
Integer,1299,Salad / raw vegetable intake,0.001349470785843352,0.9579291562741795
Categorical,1428,Spread type,1.3744689641245079e-05,1.1082544618268995
Categorical,1548,Variation in diet,3.953513983360243e-08,1.2769827077218092
Integer,1528,Water intake,0.03858731503212567,1.0255532479438452
Categorical,2237,Plays computer games,6.959004726158451e-10,1.3710963616721439
Categorical,943,Frequency of stair climbing in last 4 weeks,1.734937004143359e-25,0.8012513630487079
Integer,884,Number of days/week of moderate physical activity 10+ minutes,2.2168909572113207e-05,0.9516426347418637
Integer,904,Number of days/week of vigorous physical activity 10+ minutes,3.105834287785561e-17,0.8857874128588743
Integer,864,Number of days/week walked 10+ minutes,9.16058253062013e-05,0.9481483177856543
Integer,1070,Time spent watching television (TV),6.0042497487157594e-61,1.3375333530872786
Categorical,6164,Types of physical activity in last 4 weeks,0.043089094038917405,0.9639273414462893
Categorical,6162,Types of transport used (excluding work),0.002377021951991969,0.9182666339166957
Categorical,924,Usual walking pace,3.986614794820776e-124,0.3265654859152497
Categorical,2129,Answered sexual history questions,1.811134920323817e-10,1.7344546570907597
Categorical,1220,Daytime dozing / sleeping (narcolepsy),1.0726032240867907e-36,1.9159938909610748
Categorical,1190,Nap during day,6.181384637055071e-59,2.0323645417005483
Integer,1160,Sleep duration,0.009564755904796642,1.0559142070322207
Categorical,1200,Sleeplessness / insomnia,1.4321820428301941e-07,1.2117528827544304
Categorical,1210,Snoring,0.002023433997155089,0.8446150625912122
Categorical,20160,Ever smoked,2.857421610575689e-06,1.2892444840335655
Categorical,1249,Past tobacco smoking,1.9139483595272334e-14,0.8543288349826065
Categorical,20116,Smoking status,9.749113455242742e-08,1.2394598674087776
Categorical,2110,Able to confide,4.631449650293789e-12,0.9091056819640304
Categorical,1727,Ease of skin tanning,0.01591173089789478,1.065312031726098
Categorical,1757,Facial ageing,0.04451307067355955,1.065188757814515
Integer,2277,Frequency of solarium/sunlamp use,8.452497881326902e-05,0.943996519665252
Categorical,1747,"Hair colour (natural, before greying)",2.7127398984729803e-08,1.145717463355965
Categorical,1717,Skin colour,0.0019372853154181072,1.1034712672576692
Categorical,2267,Use of sun/uv protection,9.817206342773426e-17,0.7914310929283997
Integer,4079,"Diastolic blood pressure, automated reading",4.0044773629940113e-11,0.982780653164782
Integer,102,"Pulse rate, automated reading",1.903252141666612e-36,1.0295776362968863
Integer,4080,"Systolic blood pressure, automated reading",4.293524729170194e-13,1.0110493068096122
Integer,96,Time since interview start at which blood pressure screen(s) shown,6.2904734683277126e-96,1.0031748148734143
Continuous,23124,Arm fat mass (left),2.657485517875724e-83,2.2384636190231078
Continuous,23120,Arm fat mass (right),4.728281179744705e-87,2.51182389379511
Continuous,23123,Arm fat percentage (left),2.3631464280327844e-25,1.0271919843953494
Continuous,23119,Arm fat percentage (right),8.072299330502227e-26,1.0278436226709258
Continuous,23125,Arm fat-free mass (left),5.650676343125196e-84,1.9014084314168165
Continuous,23121,Arm fat-free mass (right),8.679729553538308e-76,1.8406152211889346
Continuous,23126,Arm predicted mass (left),5.466214987880867e-84,1.9618648076927487
Continuous,23122,Arm predicted mass (right),1.7042659895816402e-76,1.9058001024412525
Continuous,23099,Body fat percentage,1.1606187222649149e-29,1.0374966674213073
Continuous,23104,Body mass index (BMI),2.3168810438549702e-151,1.184585139704231
Continuous,23110,Impedance of arm (left),4.965075388523372e-107,0.9877478579644452
Continuous,23109,Impedance of arm (right),6.057478318371059e-99,0.987993990260387
Continuous,23108,Impedance of leg (left),2.4829840335300066e-106,0.9821756186743901
Continuous,23107,Impedance of leg (right),7.470919111830376e-105,0.9823388709601872
Continuous,23106,Impedance of whole body,9.85201801176382e-126,0.9915306717394586
Continuous,23116,Leg fat mass (left),6.312605913827645e-45,1.2159189090262672
Continuous,23112,Leg fat mass (right),3.5460165136769245e-48,1.223090056055466
Continuous,23111,Leg fat percentage (right),0.004041719828878087,1.0072123606775187
Continuous,23117,Leg fat-free mass (left),1.6844967672084005e-91,1.3173770285861808
Continuous,23113,Leg fat-free mass (right),4.027017910869859e-85,1.3025441808725964
Continuous,23118,Leg predicted mass (left),9.740347587332172e-92,1.3369051548276862
Continuous,23114,Leg predicted mass (right),3.566516190939923e-85,1.3204828838109828
Continuous,23128,Trunk fat mass,1.6362285609856763e-131,1.1493606853940033
Continuous,23127,Trunk fat percentage,5.465719923496961e-63,1.0641448178837332
Continuous,23129,Trunk fat-free mass,7.776539717019732e-70,1.0856865129031257
Continuous,23130,Trunk predicted mass,2.2116481812443537e-69,1.0880212455965856
Continuous,23098,Weight,4.5410478294239105e-140,1.0477372155260845
Continuous,23100,Whole body fat mass,3.586517040438808e-104,1.0673014115914696
Continuous,23101,Whole body fat-free mass,8.119109060284023e-81,1.0467918137947985
Continuous,23102,Whole body water mass,1.415149680463367e-81,1.0648336888854164
Continuous,21001,Body mass index (BMI),3.778532428027754e-158,1.1881745061316744
Continuous,49,Hip circumference,1.3093726127644254e-82,1.0585754332747799
Categorical,3077,Seating box height,2.911600453945449e-09,0.9667292454365983
Continuous,20015,Sitting height,2.0772329601259016e-05,1.023442862727141
Continuous,50,Standing height,6.724505243585366e-07,1.0144936641219797
Continuous,48,Waist circumference,4.5387850467171235e-211,1.0786863381844671
Continuous,21002,Weight,8.7569705648631e-148,1.0489147348581294
Categorical,21,Weight method,1.6304318777565367e-10,1.7367835646829741
Integer,46,Hand grip strength (left),0.00366800379177301,0.9931443198065486
Integer,47,Hand grip strength (right),0.011493553191252557,0.9940052497853169
Categorical,3088,Contra-indications for spirometry,5.22699813857534e-13,1.8366091407030891
Continuous,3063,Forced expiratory volume in 1-second (FEV1),4.857834120413412e-24,0.7037892418552901
Continuous,3062,Forced vital capacity (FVC),4.438610751141862e-23,0.7600383442089482
Integer,3137,Number of measurements made,0.007373167284156277,1.1798553828755984
Categorical,3065,Ordering of blows,0.005537302717581147,1.1221423596660485
Integer,3064,Peak expiratory flow (PEF),1.368661755702216e-10,0.9987822553925546
Categorical,3059,Result ranking,0.007373167284149042,1.1798553828755984
